epoch,train_loss,val_auc
1,0.9013824302871801,0.8235294117647058
2,0.7955183335672398,0.8739495798319328
3,0.6196473392822895,0.865546218487395
4,0.5171643424071993,0.9495798319327731
5,0.4057444316513298,0.9159663865546217
6,0.2981037010362548,0.9243697478991596
7,0.17892039006811178,0.8319327731092436
8,0.11466211162365506,0.9579831932773109
9,0.06729737082769986,0.8655462184873949
10,0.05226816916638561,0.8907563025210083
