model,AUC,best_thr,accuracy,precision,recall,f1
ResNetWithChAttn,0.7685714285714286,0.8999999999999999,0.8222222222222222,0.8461538461538461,0.9428571428571428,0.8918918918918919
ResNetMultiIn,0.7085714285714286,0.8749999999999999,0.8222222222222222,0.8292682926829268,0.9714285714285714,0.8947368421052632
ResNetWithSqueeze,0.7057142857142857,0.6,0.8,0.7954545454545454,1.0,0.8860759493670886
