epoch,train_loss,val_f1,best_thr
1,0.9309951117776121,0.875,0.05
2,0.6733900721660836,0.8860759493670886,0.6
3,0.40509893826508253,0.8860759493670886,0.8699999999999999
4,0.2411773323813676,0.875,0.05
5,0.1298791229734838,0.8860759493670886,0.625
6,0.06269335974724534,0.875,0.05
7,0.022502670182896877,0.875,0.05
8,0.01455225412744429,0.875,0.05
9,0.009513880351041807,0.875,0.05
10,0.006789312510111643,0.875,0.05
