epoch,train_loss,val_f1,best_thr
1,0.9068045519635768,0.8860759493670886,0.27499999999999997
2,0.5593115245869897,0.8860759493670886,0.135
3,0.3223127939976608,0.8918918918918919,0.8999999999999999
4,0.20836657825197946,0.875,0.05
5,0.08397925558525499,0.8860759493670886,0.26999999999999996
6,0.0452124316484836,0.875,0.05
7,0.02080295883419593,0.875,0.05
8,0.009097912613272608,0.875,0.05
9,0.004527439614670798,0.875,0.05
10,0.0030439508481930415,0.875,0.05
