model,topk,thr,ACC,Precision,Recall,F1,AUC,TN,FP,FN,TP
ResNetMultiIn,0.1,0.875,0.5833333333333334,0.5490196078431373,0.9333333333333333,0.6913580246913581,0.6255555555555555,7,23,2,28
ResNetWithSqueeze,0.3,0.515,0.55,0.5263157894736842,1.0,0.6896551724137931,0.7833333333333333,3,27,0,30
ResNetWithChAttn,0.3,0.78,0.65,0.5957446808510638,0.9333333333333333,0.7272727272727273,0.8222222222222222,11,19,2,28
